Id,Username,FirstName,LastName,Email,PhoneNumber,Country,State,City,PostalCode,StreetAddress,Password,SecurityQuestion1,SecurityAnswer1,SecurityQuestion2,SecurityAnswer2,DeviceType,DeviceBrand,DeviceModel,DeviceOs,LastLogin,AccountCreated,AccountStatus,TwoFactorEnabled,LastIpAddress,LoginAttempts,AccountLocked,PasswordLastChanged
1,krosin0,Karlene,Rosin,krosin0@so-net.ne.jp,515-250-0515,Philippines,,Pandan Niog,3313,69803 Loftsgordon Parkway,wW5$giDB#,What is your favorite movie?,volutpat erat quisque erat eros viverra eget congue eget semper rutrum nulla nunc purus phasellus in felis donec,What is your dream vacation spot?,tellus semper interdum mauris ullamcorper purus sit amet nulla quisque,Tablet,Apple,Galaxy S10,iOS,5/11/2021,12/20/2021,Inactive,false,216.187.240.0,5,false,10/7/2020
2,hlavallin1,Hillary,Lavallin,hlavallin1@indiatimes.com,936-428-9143,Iraq,,Balad,,43 Kropf Lane,gW9&SOXcTx,What is your mother's maiden name?,pede morbi porttitor lorem id ligula suspendisse ornare consequat lectus in est risus auctor sed tristique in tempus sit amet,What is your dream vacation spot?,pede venenatis non sodales sed tincidunt eu felis fusce posuere felis sed lacus morbi,Mobile,Apple,iPhone X,iOS,6/2/2021,12/22/2021,Suspended,false,46.224.84.225,9,true,7/3/2020
3,cwhichelow2,Chalmers,Whichelow,cwhichelow2@symantec.com,827-699-8203,Japan,,Fukiage-fujimi,369-0137,471 Independence Terrace,xX5@yVfTm>XfVq~y,What city were you born in?,felis sed interdum venenatis turpis enim blandit mi in porttitor pede justo eu,What is your dream vacation spot?,at turpis donec posuere metus vitae ipsum aliquam non mauris morbi non lectus aliquam sit,Mobile,Samsung,Spectre x360,Android,3/27/2021,7/15/2021,Active,true,48.45.33.102,1,true,12/24/2021
4,ftoby3,Forest,Toby,ftoby3@nbcnews.com,211-532-2194,United Kingdom,ENG,Leeds,LS6,38173 Trailsway Plaza,"lZ0$aD,(y",What city were you born in?,vitae mattis nibh ligula nec sem duis aliquam convallis nunc proin at,What is the name of your first pet?,in lacus curabitur at ipsum ac tellus semper interdum mauris ullamcorper,Laptop,Samsung,Galaxy S10,Android,11/23/2021,10/14/2020,Active,true,244.76.217.69,1,false,11/7/2020
5,cchaunce4,Codi,Chaunce,cchaunce4@google.pl,139-223-6834,Philippines,,Larap,1748,085 Oxford Lane,lB5<)G+R}qn4l!@,What is your mother's maiden name?,nisl duis bibendum felis sed interdum venenatis turpis enim blandit mi in porttitor pede justo eu massa donec dapibus duis,What is your favorite book?,primis in faucibus orci luctus et ultrices posuere cubilia curae duis faucibus accumsan odio curabitur,Mobile,Samsung,Galaxy S10,Android,8/25/2021,8/3/2021,Active,false,167.86.6.160,8,false,4/30/2020
6,aschaben5,Althea,Schaben,aschaben5@usda.gov,918-504-1077,Indonesia,,Tarutung,,30 Mitchell Hill,"gQ0+=zzi,b0lZG<J",What is your mother's maiden name?,est phasellus sit amet erat nulla tempus vivamus in felis eu sapien cursus vestibulum proin eu,What is the name of your first pet?,dis parturient montes nascetur ridiculus mus etiam vel augue vestibulum rutrum rutrum neque aenean,Laptop,HP,Spectre x360,iOS,1/5/2021,6/19/2021,Active,false,13.236.101.108,4,true,3/17/2021
7,lhecks6,Lemuel,Hecks,lhecks6@wikimedia.org,135-637-3097,Greece,,Messíni,,81 Karstens Center,qT9#dw+s,What is your favorite movie?,justo aliquam quis turpis eget elit sodales scelerisque mauris sit amet eros suspendisse accumsan tortor quis turpis sed ante,What is your dream vacation spot?,aenean fermentum donec ut mauris eget massa tempor convallis nulla neque libero convallis eget eleifend luctus ultricies,Laptop,Apple,iPhone X,Android,8/17/2021,4/10/2020,Active,true,75.79.109.236,6,false,11/23/2021
8,tboeter7,Tades,Boeter,tboeter7@nature.com,840-702-6052,Mexico,JAL,Buenavista,47216,3 Bunting Trail,rC3_@O?O6,What is your mother's maiden name?,nulla suscipit ligula in lacus curabitur at ipsum ac tellus semper interdum,What is your favorite book?,varius nulla facilisi cras non velit nec nisi vulputate nonummy maecenas tincidunt lacus at velit vivamus vel nulla,Tablet,Samsung,Galaxy S10,Windows,4/20/2021,10/31/2021,Suspended,false,67.6.174.140,8,false,1/5/2021
9,kstanton8,Klara,Stanton,kstanton8@china.com.cn,324-570-6257,Ukraine,,Mykolayiv,,67 Hayes Court,vV8=5aTY8,What city were you born in?,vitae ipsum aliquam non mauris morbi non lectus aliquam sit amet diam in magna bibendum imperdiet nullam,What is the name of your first pet?,non interdum in ante vestibulum ante ipsum primis in faucibus orci luctus et ultrices posuere cubilia,Laptop,HP,Galaxy S10,Windows,5/13/2021,5/17/2020,Active,true,32.228.66.225,3,true,5/20/2020
10,vdurkin9,Verla,Durkin,vdurkin9@mit.edu,588-452-0348,China,,Luodian,,59 Hanson Drive,zW8{`O@CsnNCxX,What is your favorite movie?,cubilia curae duis faucibus accumsan odio curabitur convallis duis consequat dui nec nisi volutpat eleifend donec ut dolor morbi vel,What is your favorite book?,orci eget orci vehicula condimentum curabitur in libero ut massa volutpat convallis morbi odio,Mobile,Samsung,Galaxy S10,iOS,6/30/2021,2/7/2021,Inactive,true,3.126.69.182,1,true,4/30/2020
11,cburlaya,Chrissy,Burlay,cburlaya@discovery.com,872-965-1925,Philippines,,Concepcion,7213,36502 Garrison Center,nG9(I7f=d1kO.d,What city were you born in?,nunc rhoncus dui vel sem sed sagittis nam congue risus semper porta volutpat quam pede lobortis ligula,What is your dream vacation spot?,a libero nam dui proin leo odio porttitor id consequat in consequat ut nulla sed accumsan felis,Mobile,HP,iPhone X,Windows,4/26/2021,9/11/2020,Active,false,61.160.130.97,6,true,5/29/2020
12,vsterrickb,Veronike,Sterrick,vsterrickb@cbslocal.com,536-954-4875,Colombia,,El Zulia,545518,46 Haas Street,wX0<eXrIPKWa,What is your mother's maiden name?,nulla eget eros elementum pellentesque quisque porta volutpat erat quisque,What is your dream vacation spot?,vestibulum aliquet ultrices erat tortor sollicitudin mi sit amet lobortis sapien sapien non mi integer ac neque duis bibendum morbi,Laptop,HP,Spectre x360,Android,9/12/2021,4/23/2021,Inactive,true,236.161.210.189,6,false,8/2/2021
13,bpetruszkac,Bernadene,Petruszka,bpetruszkac@buzzfeed.com,487-380-7301,Philippines,,Tala,9207,9947 Jackson Junction,vO0{c4kh2#,What is your mother's maiden name?,consequat in consequat ut nulla sed accumsan felis ut at dolor quis,What is your favorite book?,et magnis dis parturient montes nascetur ridiculus mus etiam vel augue vestibulum rutrum rutrum neque aenean auctor,Mobile,Samsung,Galaxy S10,Windows,2/27/2021,3/22/2021,Suspended,true,134.68.222.238,3,false,12/30/2021
14,askeldingd,Arabelle,Skelding,askeldingd@oracle.com,587-191-6490,China,,Jiangnan,,752 Beilfuss Way,rF2*l2k1,What is your mother's maiden name?,hac habitasse platea dictumst maecenas ut massa quis augue luctus tincidunt nulla mollis molestie,What is your dream vacation spot?,fermentum donec ut mauris eget massa tempor convallis nulla neque libero convallis eget eleifend luctus ultricies eu nibh,Tablet,Apple,Spectre x360,iOS,6/21/2021,12/28/2020,Inactive,false,50.55.153.87,0,true,12/31/2020
15,mgammadee,Minda,Gammade,mgammadee@booking.com,725-227-7627,Colombia,,Plato,475038,459 Meadow Vale Road,cK5_?r1``$I,What is your favorite movie?,felis sed lacus morbi sem mauris laoreet ut rhoncus aliquet pulvinar sed nisl nunc rhoncus,What is the name of your first pet?,mauris vulputate elementum nullam varius nulla facilisi cras non velit nec,Tablet,Samsung,Galaxy S10,iOS,6/23/2021,3/23/2020,Active,false,171.104.35.125,5,false,7/27/2020
16,pspybyf,Pernell,Spyby,pspybyf@netvibes.com,778-265-7096,China,,Hetian,,8050 Alpine Avenue,"iH6..0UPhmY""#?}{",What is your favorite movie?,nullam porttitor lacus at turpis donec posuere metus vitae ipsum,What is your dream vacation spot?,ipsum dolor sit amet consectetuer adipiscing elit proin risus praesent lectus vestibulum quam sapien varius,Tablet,Apple,iPhone X,Windows,9/1/2021,5/29/2020,Suspended,false,195.114.77.191,4,false,9/1/2021
17,halsteadg,Hamish,Alstead,halsteadg@oakley.com,510-696-6002,Russia,,Navashino,452538,1 Havey Road,bX3*M&X>yh@W`*,What is your favorite movie?,metus vitae ipsum aliquam non mauris morbi non lectus aliquam sit amet diam in,What is the name of your first pet?,nisl nunc nisl duis bibendum felis sed interdum venenatis turpis enim blandit mi in porttitor pede justo eu massa,Tablet,Apple,iPhone X,Android,6/29/2021,9/5/2021,Suspended,true,95.152.206.249,6,false,6/23/2021
18,emccarryh,Ezequiel,McCarry,emccarryh@mayoclinic.com,408-751-6926,Lithuania,,Kuršėnai,81001,9663 Express Pass,"iT1""8tcKQzV",What is your favorite movie?,vulputate ut ultrices vel augue vestibulum ante ipsum primis in faucibus orci luctus et ultrices,What is the name of your first pet?,erat curabitur gravida nisi at nibh in hac habitasse platea dictumst,Tablet,Samsung,iPhone X,Windows,5/5/2021,8/11/2020,Inactive,false,53.254.80.214,9,true,6/16/2021
19,hfarnani,Hardy,Farnan,hfarnani@unblog.fr,602-610-6767,Ukraine,,Ulanov,,5 Old Gate Road,vX6|8H?Lqpv,What is your mother's maiden name?,ultrices posuere cubilia curae nulla dapibus dolor vel est donec odio justo sollicitudin ut,What is your favorite book?,integer a nibh in quis justo maecenas rhoncus aliquam lacus morbi quis tortor id nulla ultrices aliquet maecenas leo,Mobile,Samsung,Galaxy S10,iOS,8/7/2021,11/11/2020,Active,true,208.249.80.152,9,true,3/23/2020
20,emaricj,Ella,Maric,emaricj@independent.co.uk,627-368-0805,China,,Libei,,57671 Evergreen Avenue,hN5)9s=x@,What is your favorite movie?,lorem ipsum dolor sit amet consectetuer adipiscing elit proin interdum mauris non ligula pellentesque ultrices phasellus,What is your favorite book?,ipsum primis in faucibus orci luctus et ultrices posuere cubilia,Laptop,Apple,Spectre x360,Android,1/11/2021,8/19/2021,Active,true,171.102.43.137,5,false,11/7/2021
21,rmunganek,Rozanne,Mungane,rmunganek@theatlantic.com,651-114-5268,Colombia,,Candelaria,111711,452 Crowley Place,xO2=!?!~encXf_,What is your mother's maiden name?,sollicitudin mi sit amet lobortis sapien sapien non mi integer ac,What is your favorite book?,quam sollicitudin vitae consectetuer eget rutrum at lorem integer tincidunt ante vel ipsum praesent,Mobile,Samsung,Galaxy S10,Windows,2/18/2021,11/26/2021,Suspended,false,251.153.2.198,3,false,9/1/2020
22,chillenl,Cybill,Hillen,chillenl@columbia.edu,922-545-4011,Panama,,El Cortezo,,9848 Arkansas Crossing,gW8~LUBye,What city were you born in?,leo pellentesque ultrices mattis odio donec vitae nisi nam ultrices libero non mattis pulvinar nulla pede ullamcorper augue,What is your favorite book?,ut blandit non interdum in ante vestibulum ante ipsum primis in faucibus orci luctus et,Mobile,Samsung,Spectre x360,Windows,5/3/2021,8/2/2021,Active,false,173.64.62.238,7,false,6/1/2020
23,bbartoszewiczm,Berti,Bartoszewicz,bbartoszewiczm@last.fm,486-292-4869,Greece,,Karpokhórion,,01427 Merchant Circle,wU1!r)0e,What is your mother's maiden name?,sit amet eleifend pede libero quis orci nullam molestie nibh in lectus pellentesque at nulla suspendisse potenti cras in purus,What is the name of your first pet?,quis orci nullam molestie nibh in lectus pellentesque at nulla suspendisse potenti cras in purus,Laptop,Apple,iPhone X,iOS,12/11/2021,3/17/2020,Active,false,199.29.34.167,2,true,1/1/2020
24,scuttingn,Scarlet,Cutting,scuttingn@sina.com.cn,999-507-8348,Malaysia,LBN,Labuan,87028,1 Pankratz Terrace,bF1_J@$?Y(!m9@m,What is your mother's maiden name?,tincidunt eget tempus vel pede morbi porttitor lorem id ligula suspendisse ornare consequat lectus in est risus auctor sed,What is your dream vacation spot?,dapibus augue vel accumsan tellus nisi eu orci mauris lacinia sapien,Mobile,Apple,Spectre x360,Android,3/8/2021,12/5/2021,Suspended,true,228.17.19.28,2,false,11/1/2020
25,jarmytageo,Jenica,Armytage,jarmytageo@hao123.com,555-455-3222,Sudan,,El Matama,,509 Eastlawn Plaza,iF1})%9',What city were you born in?,scelerisque mauris sit amet eros suspendisse accumsan tortor quis turpis sed ante vivamus tortor duis mattis egestas metus aenean,What is your favorite book?,vestibulum sed magna at nunc commodo placerat praesent blandit nam nulla integer pede justo lacinia eget,Laptop,HP,iPhone X,Android,8/9/2021,5/7/2020,Active,true,38.42.10.12,8,false,10/24/2021
26,lrosenthalp,Lise,Rosenthal,lrosenthalp@nytimes.com,806-703-5860,Brazil,,Goianésia,76380-000,30980 8th Trail,nD3?A7#l,What city were you born in?,primis in faucibus orci luctus et ultrices posuere cubilia curae duis faucibus accumsan odio curabitur convallis duis consequat dui nec,What is the name of your first pet?,quis libero nullam sit amet turpis elementum ligula vehicula consequat morbi a ipsum integer a nibh in quis justo maecenas,Mobile,HP,Spectre x360,Windows,12/16/2021,11/8/2020,Suspended,false,37.83.242.86,4,true,9/16/2020
27,mnassauq,Mozes,Nassau,mnassauq@hhs.gov,934-997-6401,Indonesia,,Cipanggung,,8 Scoville Point,"iI7&|""AM0.",What is your favorite movie?,sit amet sem fusce consequat nulla nisl nunc nisl duis bibendum,What is the name of your first pet?,scelerisque quam turpis adipiscing lorem vitae mattis nibh ligula nec sem duis,Tablet,Apple,iPhone X,iOS,4/16/2021,3/12/2021,Active,false,83.209.72.73,8,true,1/25/2021
28,jsmallpeacer,Jone,Smallpeace,jsmallpeacer@fema.gov,660-748-7278,South Africa,,eSikhawini,3887,4 Ruskin Avenue,yI4?}dP.1rTbLsM,What is your favorite movie?,aliquam erat volutpat in congue etiam justo etiam pretium iaculis justo in hac,What is your dream vacation spot?,in eleifend quam a odio in hac habitasse platea dictumst maecenas ut massa quis augue luctus tincidunt nulla,Laptop,Apple,iPhone X,Windows,4/15/2021,9/20/2021,Active,false,38.85.72.241,5,false,8/7/2020
29,cferencowiczs,Clarissa,Ferencowicz,cferencowiczs@skyrock.com,296-625-0468,Portugal,11,Monte Redondo,2565-522,65 Garrison Point,sN0~qR_<,What is your mother's maiden name?,dignissim vestibulum vestibulum ante ipsum primis in faucibus orci luctus et ultrices posuere cubilia curae nulla dapibus,What is your favorite book?,duis consequat dui nec nisi volutpat eleifend donec ut dolor morbi vel lectus in quam,Laptop,HP,Galaxy S10,Android,11/28/2021,11/14/2020,Inactive,false,209.114.187.137,10,true,8/29/2020
30,cscammellt,Caryl,Scammell,cscammellt@bandcamp.com,639-137-0219,Japan,,Ōta,373-0862,9246 3rd Park,gA4%/2fU=i#,What is your favorite movie?,consequat in consequat ut nulla sed accumsan felis ut at dolor quis odio consequat varius,What is your dream vacation spot?,justo in blandit ultrices enim lorem ipsum dolor sit amet consectetuer adipiscing elit proin interdum mauris,Mobile,HP,iPhone X,Windows,1/20/2021,4/21/2020,Suspended,false,203.185.103.225,6,false,4/29/2020
31,lgrombridgeu,Lenard,Grombridge,lgrombridgeu@ucla.edu,678-882-2237,China,,Qinghu,,4785 8th Alley,vX5/0AmsOJ}Dn<<,What is your mother's maiden name?,sem praesent id massa id nisl venenatis lacinia aenean sit amet justo morbi ut odio cras mi pede,What is the name of your first pet?,in quam fringilla rhoncus mauris enim leo rhoncus sed vestibulum sit amet cursus id turpis integer aliquet massa id,Mobile,Samsung,iPhone X,Android,7/2/2021,7/10/2021,Active,true,248.232.124.132,0,false,7/29/2020
32,lpetheridgev,Lucilia,Petheridge,lpetheridgev@columbia.edu,708-698-8308,Slovenia,,Koroška Bela,4274,51 Elka Junction,vB4\H4E((=/hJO,What city were you born in?,in faucibus orci luctus et ultrices posuere cubilia curae duis faucibus accumsan odio curabitur convallis duis consequat dui nec nisi,What is your favorite book?,integer ac leo pellentesque ultrices mattis odio donec vitae nisi,Tablet,Samsung,iPhone X,iOS,6/24/2021,4/8/2021,Suspended,false,109.178.124.30,4,false,9/23/2021
33,rpogosianw,Renault,Pogosian,rpogosianw@arstechnica.com,714-915-1560,China,,Majie,,88016 Declaration Center,tM9*eEyK7gGB&,What is your mother's maiden name?,lobortis ligula sit amet eleifend pede libero quis orci nullam molestie nibh in lectus,What is your favorite book?,amet diam in magna bibendum imperdiet nullam orci pede venenatis non sodales sed tincidunt eu,Laptop,HP,Galaxy S10,Windows,10/15/2021,1/30/2021,Inactive,false,178.201.42.151,10,false,8/24/2021
34,rlassetterx,Rebeka,Lassetter,rlassetterx@aboutads.info,996-996-3348,Ireland,,Dungarvan,T56,3 Loftsgordon Drive,aM7?3*Mx`2NRCr0,What city were you born in?,donec dapibus duis at velit eu est congue elementum in hac,What is the name of your first pet?,lobortis convallis tortor risus dapibus augue vel accumsan tellus nisi eu orci mauris lacinia sapien quis,Laptop,Apple,iPhone X,Android,4/19/2021,3/28/2021,Active,true,120.170.33.8,2,false,11/15/2020
35,jthomlinsony,Jody,Thomlinson,jthomlinsony@rediff.com,903-505-2979,Indonesia,,Jombang,,9 Independence Pass,pD9(\mMXH1=%o,What is your mother's maiden name?,eu felis fusce posuere felis sed lacus morbi sem mauris laoreet ut rhoncus,What is your favorite book?,rhoncus sed vestibulum sit amet cursus id turpis integer aliquet massa id lobortis convallis,Mobile,HP,Spectre x360,Windows,11/5/2021,10/9/2021,Inactive,false,37.235.39.152,8,true,8/18/2021
36,agilliatz,Alejandro,Gilliat,agilliatz@mysql.com,189-837-3317,Poland,,Ochla,65-980,9 Lawn Hill,rD5\'d`Y{3Q_bu@,What is your favorite movie?,sed ante vivamus tortor duis mattis egestas metus aenean fermentum donec ut mauris eget massa tempor convallis nulla neque libero,What is your favorite book?,sociis natoque penatibus et magnis dis parturient montes nascetur ridiculus,Laptop,HP,Galaxy S10,iOS,11/30/2021,10/10/2021,Active,false,222.2.12.97,4,true,8/14/2021
37,mvandecastele10,May,Van de Castele,mvandecastele10@ucoz.ru,802-790-1534,Russia,,Navashino,452538,0 Londonderry Trail,oQ9.|Od}'Z,What is your mother's maiden name?,sed vel enim sit amet nunc viverra dapibus nulla suscipit ligula in lacus,What is the name of your first pet?,nisi volutpat eleifend donec ut dolor morbi vel lectus in quam fringilla rhoncus mauris enim leo rhoncus sed vestibulum sit,Tablet,Samsung,iPhone X,Windows,9/11/2021,4/16/2020,Suspended,true,230.50.166.17,9,true,7/26/2020
38,dgarred11,Danya,Garred,dgarred11@shutterfly.com,464-691-0087,Portugal,15,Corredoura,2970-079,71 Maryland Crossing,bI6><ZS05T*<U2,What is your mother's maiden name?,nibh quisque id justo sit amet sapien dignissim vestibulum vestibulum ante ipsum primis in faucibus orci,What is your dream vacation spot?,proin risus praesent lectus vestibulum quam sapien varius ut blandit non interdum in ante vestibulum ante ipsum primis in faucibus,Tablet,Apple,Spectre x360,iOS,10/23/2021,8/22/2020,Suspended,true,231.6.182.203,2,false,9/4/2021
39,cthick12,Carlos,Thick,cthick12@umich.edu,927-230-6875,Portugal,13,Seroa,4595-414,6710 Harper Park,uF6#jJ\Iyj/)`,What city were you born in?,sapien urna pretium nisl ut volutpat sapien arcu sed augue aliquam erat volutpat,What is the name of your first pet?,dolor sit amet consectetuer adipiscing elit proin risus praesent lectus vestibulum quam sapien varius ut blandit non interdum,Mobile,Samsung,Spectre x360,iOS,6/26/2021,12/22/2020,Active,false,47.142.43.103,8,false,4/19/2020
40,qmauro13,Quincy,Mauro,qmauro13@imgur.com,759-827-8305,Japan,,Kikuchi,861-1686,19 Autumn Leaf Circle,uN7<Z.U@,What city were you born in?,integer non velit donec diam neque vestibulum eget vulputate ut ultrices vel,What is the name of your first pet?,vel enim sit amet nunc viverra dapibus nulla suscipit ligula in lacus curabitur at,Mobile,HP,Spectre x360,Windows,11/16/2021,3/24/2020,Inactive,false,70.0.90.110,7,true,2/23/2020
41,pconrard14,Parke,Conrard,pconrard14@digg.com,932-606-5000,Poland,,Bieliny,00-458,17958 Luster Center,"mW8_#y,jF?(4z",What city were you born in?,ante ipsum primis in faucibus orci luctus et ultrices posuere,What is your favorite book?,ligula suspendisse ornare consequat lectus in est risus auctor sed tristique in tempus sit amet sem fusce consequat nulla nisl,Tablet,Samsung,Spectre x360,Android,11/10/2021,11/30/2021,Active,true,1.121.153.127,5,true,4/24/2021
42,rjude15,Reinhard,Jude,rjude15@chronoengine.com,136-266-7798,Honduras,,El Corozal,,0180 Lukken Center,"jM1,5?/W~",What city were you born in?,id ligula suspendisse ornare consequat lectus in est risus auctor sed tristique in tempus sit amet sem fusce,What is the name of your first pet?,tortor quis turpis sed ante vivamus tortor duis mattis egestas,Mobile,HP,iPhone X,Windows,12/12/2021,5/28/2021,Suspended,true,195.152.209.7,10,true,9/10/2021
43,orought16,Orren,Rought,orought16@fema.gov,322-776-2605,Canada,QC,Farnham,J2N,91658 Blue Bill Park Point,mM7~|Ic{fVaae)u,What is your favorite movie?,mauris non ligula pellentesque ultrices phasellus id sapien in sapien iaculis congue vivamus metus arcu adipiscing molestie hendrerit,What is your dream vacation spot?,venenatis turpis enim blandit mi in porttitor pede justo eu massa donec dapibus duis at,Mobile,HP,iPhone X,iOS,6/15/2021,4/8/2020,Inactive,false,193.1.4.12,7,false,12/1/2020
44,fbittlestone17,Felicio,Bittlestone,fbittlestone17@scientificamerican.com,230-355-3022,Madagascar,,Ambarakaraka,,8 Dottie Junction,aT8>1sH7V)1+*,What city were you born in?,donec quis orci eget orci vehicula condimentum curabitur in libero ut massa,What is the name of your first pet?,mauris ullamcorper purus sit amet nulla quisque arcu libero rutrum ac lobortis vel,Tablet,HP,Galaxy S10,Android,11/10/2021,9/1/2021,Inactive,false,133.206.32.182,5,true,4/12/2021
45,ctamburo18,Clara,Tamburo,ctamburo18@disqus.com,451-868-2487,China,,Lusigang,,44 Sachs Alley,jD2*@Q0Y?g0`,What is your favorite movie?,varius ut blandit non interdum in ante vestibulum ante ipsum primis in faucibus orci luctus et ultrices posuere cubilia,What is your favorite book?,in lectus pellentesque at nulla suspendisse potenti cras in purus eu magna vulputate luctus cum,Mobile,Apple,Galaxy S10,Windows,6/19/2021,3/18/2020,Suspended,false,29.195.26.77,9,false,3/25/2021
46,mdesmond19,Maribelle,Desmond,mdesmond19@printfriendly.com,877-374-8175,Brazil,,Caratinga,35300-000,037 Westridge Parkway,nR6|<deC6lx9,What city were you born in?,leo odio condimentum id luctus nec molestie sed justo pellentesque viverra pede ac diam cras pellentesque volutpat dui maecenas tristique,What is your dream vacation spot?,maecenas pulvinar lobortis est phasellus sit amet erat nulla tempus vivamus in felis eu sapien cursus vestibulum proin,Mobile,HP,Spectre x360,Windows,1/26/2021,10/4/2021,Inactive,true,126.53.166.181,4,false,8/16/2020
47,cjugging1a,Charmine,Jugging,cjugging1a@businessinsider.com,893-439-8021,Senegal,,Nioro du Rip,,66 Annamark Terrace,xU6<51$hy@UX6e,What is your favorite movie?,massa quis augue luctus tincidunt nulla mollis molestie lorem quisque ut erat curabitur gravida nisi,What is the name of your first pet?,nulla sed accumsan felis ut at dolor quis odio consequat varius integer ac leo pellentesque ultrices mattis odio donec,Tablet,Apple,iPhone X,iOS,5/28/2021,11/25/2021,Inactive,false,242.219.111.225,8,false,11/4/2021
48,coglesbee1b,Chandra,Oglesbee,coglesbee1b@w3.org,517-641-5296,China,,Sandaohezi,,94 Bonner Way,vF8?.%jy,What is your favorite movie?,odio condimentum id luctus nec molestie sed justo pellentesque viverra pede ac diam,What is your dream vacation spot?,lorem ipsum dolor sit amet consectetuer adipiscing elit proin risus praesent,Mobile,Apple,Galaxy S10,Android,2/8/2021,6/12/2021,Suspended,false,235.59.250.217,9,true,10/11/2020
49,tbuckenham1c,Taddeusz,Buckenham,tbuckenham1c@cbslocal.com,881-913-0059,Syria,,As Suqaylibīyah,,1 Mallory Alley,rG0%zDaSI/,What is your mother's maiden name?,semper porta volutpat quam pede lobortis ligula sit amet eleifend pede,What is your favorite book?,sagittis dui vel nisl duis ac nibh fusce lacus purus aliquet at feugiat non pretium quis lectus suspendisse potenti in,Tablet,Samsung,Spectre x360,Windows,8/14/2021,9/12/2021,Active,true,114.52.32.115,9,true,1/31/2021
50,telgar1d,Teresa,Elgar,telgar1d@devhub.com,739-128-2446,Thailand,,Nong Bua Daeng,36210,8 Manley Terrace,"xA9>Kb""G_%",What is your favorite movie?,sit amet erat nulla tempus vivamus in felis eu sapien cursus vestibulum proin eu mi nulla ac enim in,What is your dream vacation spot?,lobortis ligula sit amet eleifend pede libero quis orci nullam molestie,Tablet,Samsung,Spectre x360,Android,12/5/2021,1/18/2021,Suspended,false,78.130.231.132,10,false,11/29/2021
51,jbrason1e,Jeanette,Brason,jbrason1e@wikia.com,419-633-0741,Philippines,,Baras,4803,5 Lawn Point,zA6==cx>#7g6,What city were you born in?,elit proin interdum mauris non ligula pellentesque ultrices phasellus id sapien in sapien iaculis congue vivamus metus,What is your favorite book?,diam in magna bibendum imperdiet nullam orci pede venenatis non sodales sed tincidunt eu felis fusce posuere felis sed lacus,Mobile,HP,Spectre x360,Windows,11/1/2021,11/12/2020,Suspended,false,236.237.137.157,8,false,9/3/2021
52,fharlick1f,Flori,Harlick,fharlick1f@sohu.com,206-843-0233,Yemen,,Al Wuday‘,,21885 Melody Trail,jV8\jiN#OlHh,What is your favorite movie?,ipsum primis in faucibus orci luctus et ultrices posuere cubilia curae mauris viverra diam vitae quam suspendisse potenti nullam porttitor,What is your dream vacation spot?,lacinia sapien quis libero nullam sit amet turpis elementum ligula vehicula consequat morbi a ipsum integer a,Laptop,Apple,iPhone X,iOS,10/1/2021,1/29/2020,Suspended,true,167.41.173.221,0,false,3/26/2020
53,aharrington1g,Alika,Harrington,aharrington1g@npr.org,627-945-9800,Portugal,14,Arrepiado,2140-605,87 Logan Road,eE8`Ki1d,What city were you born in?,nam congue risus semper porta volutpat quam pede lobortis ligula,What is the name of your first pet?,id nulla ultrices aliquet maecenas leo odio condimentum id luctus nec molestie sed,Laptop,HP,iPhone X,Android,1/5/2021,9/4/2020,Active,false,210.34.207.163,5,true,3/8/2021
54,ayurkin1h,Averill,Yurkin,ayurkin1h@dion.ne.jp,997-839-2260,Brazil,,Aimorés,35200-000,01 Hanson Plaza,eA4*y)Uz<c!77s,What is your favorite movie?,nisl nunc nisl duis bibendum felis sed interdum venenatis turpis,What is your favorite book?,enim leo rhoncus sed vestibulum sit amet cursus id turpis integer aliquet massa id lobortis convallis tortor,Mobile,HP,Galaxy S10,Windows,8/29/2021,9/22/2020,Suspended,false,169.90.253.191,4,false,1/21/2020
55,wvanderkrui1i,Wendel,Van der Krui,wvanderkrui1i@biglobe.ne.jp,562-333-8017,Russia,,Tiksi,678409,68 Pankratz Lane,iR0{Qe`HX,What city were you born in?,habitasse platea dictumst aliquam augue quam sollicitudin vitae consectetuer eget rutrum at,What is your favorite book?,elementum eu interdum eu tincidunt in leo maecenas pulvinar lobortis est phasellus sit amet erat nulla tempus vivamus,Laptop,Apple,Galaxy S10,Android,6/24/2021,4/19/2020,Suspended,false,91.201.11.208,2,false,8/19/2021
56,lhumberstone1j,Lionel,Humberstone,lhumberstone1j@topsy.com,403-114-8117,Portugal,15,Penteado,2860-424,2487 Schiller Drive,tM4@@Px@I,What is your favorite movie?,in eleifend quam a odio in hac habitasse platea dictumst maecenas ut,What is your dream vacation spot?,orci luctus et ultrices posuere cubilia curae nulla dapibus dolor vel est donec odio justo sollicitudin ut,Mobile,Samsung,Spectre x360,Android,1/24/2021,5/30/2020,Active,true,110.116.139.191,7,true,10/26/2020
57,mgason1k,Marni,Gason,mgason1k@comcast.net,796-299-6931,Thailand,,Kap Choeng,57210,871 Stone Corner Plaza,vO7(=K0mZM,What city were you born in?,eu interdum eu tincidunt in leo maecenas pulvinar lobortis est phasellus,What is your dream vacation spot?,augue quam sollicitudin vitae consectetuer eget rutrum at lorem integer tincidunt ante vel ipsum,Tablet,HP,Galaxy S10,iOS,12/5/2021,5/14/2020,Suspended,true,158.127.253.34,4,true,12/1/2020
58,llouch1l,Lidia,Louch,llouch1l@histats.com,735-953-7898,Svalbard and Jan Mayen,,Longyearbyen,9171,52 Talmadge Circle,"xH9,E2CUEjFv@h",What is your favorite movie?,est phasellus sit amet erat nulla tempus vivamus in felis eu sapien cursus vestibulum proin eu mi nulla ac,What is your favorite book?,mus etiam vel augue vestibulum rutrum rutrum neque aenean auctor gravida sem praesent id massa id,Laptop,Apple,Spectre x360,Windows,2/9/2021,9/24/2021,Active,true,7.160.2.115,0,false,8/12/2021
59,emoberley1m,Eugine,Moberley,emoberley1m@yelp.com,113-540-2786,Japan,,Nishinoomote,891-3101,690 Maple Parkway,"pX7{fVJIh""ZBi1",What city were you born in?,faucibus orci luctus et ultrices posuere cubilia curae nulla dapibus dolor vel est donec,What is the name of your first pet?,consequat morbi a ipsum integer a nibh in quis justo maecenas rhoncus aliquam,Tablet,Apple,iPhone X,Windows,10/27/2021,3/28/2020,Active,false,250.119.199.85,4,true,12/25/2020
60,nwingate1n,Nomi,Wingate,nwingate1n@forbes.com,496-814-4344,China,,Maishi,,4908 Northridge Park,"eZ8|*4n""Y_$5",What is your mother's maiden name?,platea dictumst maecenas ut massa quis augue luctus tincidunt nulla mollis molestie lorem quisque,What is the name of your first pet?,libero quis orci nullam molestie nibh in lectus pellentesque at nulla suspendisse potenti cras in purus eu magna,Tablet,HP,Galaxy S10,Android,12/10/2021,4/24/2021,Suspended,true,83.178.246.179,5,true,2/3/2020
61,ksalvatore1o,Kristen,Salvatore,ksalvatore1o@google.co.jp,505-919-9900,China,,Mingyuedian,,8 Clove Trail,vQ3+f0Qpby+r$,What city were you born in?,congue vivamus metus arcu adipiscing molestie hendrerit at vulputate vitae nisl aenean lectus pellentesque,What is your favorite book?,pharetra magna vestibulum aliquet ultrices erat tortor sollicitudin mi sit amet lobortis sapien sapien non mi,Laptop,Apple,Spectre x360,Android,3/9/2021,5/15/2021,Active,true,180.80.219.31,9,false,5/22/2021
62,smcfall1p,Syd,McFall,smcfall1p@skype.com,686-733-7931,Portugal,11,Sacotes,2725-511,5 Buell Center,rF9|4f13#,What is your mother's maiden name?,rutrum at lorem integer tincidunt ante vel ipsum praesent blandit lacinia erat vestibulum sed magna at nunc,What is your dream vacation spot?,in hac habitasse platea dictumst etiam faucibus cursus urna ut tellus nulla ut,Laptop,Samsung,Galaxy S10,iOS,2/3/2021,6/8/2020,Active,true,66.238.128.113,4,false,12/1/2020
63,rdolder1q,Rolf,Dolder,rdolder1q@netlog.com,743-910-6785,Indonesia,,Bokor,,85 Steensland Way,"bN7|Y,F__",What is your favorite movie?,in hac habitasse platea dictumst aliquam augue quam sollicitudin vitae,What is the name of your first pet?,rhoncus dui vel sem sed sagittis nam congue risus semper porta,Tablet,HP,Galaxy S10,iOS,4/10/2021,11/26/2020,Suspended,true,250.173.59.206,7,true,7/10/2021
64,lmckerley1r,Lamond,McKerley,lmckerley1r@fema.gov,178-261-0260,Venezuela,,Aricagua,,4 Lotheville Junction,"gW5_f7,e1m7RtV2",What city were you born in?,donec pharetra magna vestibulum aliquet ultrices erat tortor sollicitudin mi sit amet lobortis sapien sapien non,What is the name of your first pet?,dolor quis odio consequat varius integer ac leo pellentesque ultrices mattis odio donec vitae nisi nam ultrices libero,Laptop,Samsung,Galaxy S10,Android,5/18/2021,6/10/2021,Inactive,false,170.0.83.68,7,true,9/3/2020
65,mfowlds1s,Malvin,Fowlds,mfowlds1s@comcast.net,610-417-2453,China,,Shigu,,2865 Kipling Parkway,mG5*8UvtbZt,What city were you born in?,nec nisi volutpat eleifend donec ut dolor morbi vel lectus in quam fringilla,What is the name of your first pet?,id nulla ultrices aliquet maecenas leo odio condimentum id luctus nec molestie sed,Laptop,Samsung,iPhone X,Android,6/5/2021,6/3/2021,Suspended,false,234.67.9.109,10,true,9/24/2021
66,mfausset1t,Marlin,Fausset,mfausset1t@ucla.edu,423-468-9239,Poland,,Świętochłowice,41-608,773 Manitowish Park,"bZ1&O`z(dn,F4bg",What is your mother's maiden name?,sociis natoque penatibus et magnis dis parturient montes nascetur ridiculus mus,What is the name of your first pet?,sed vestibulum sit amet cursus id turpis integer aliquet massa id lobortis,Laptop,Apple,Galaxy S10,Windows,9/14/2021,6/11/2020,Inactive,false,202.157.150.53,6,true,8/14/2021
67,rtremolieres1u,Redd,Tremolieres,rtremolieres1u@dailymail.co.uk,550-793-8738,China,,Wuxue Shi,,152 Crownhardt Parkway,yA6)QVmq7}Zq3U&s,What is your favorite movie?,tellus nulla ut erat id mauris vulputate elementum nullam varius nulla,What is the name of your first pet?,volutpat convallis morbi odio odio elementum eu interdum eu tincidunt in leo maecenas pulvinar lobortis est,Laptop,Apple,Galaxy S10,Windows,10/3/2021,1/19/2021,Suspended,true,125.28.186.45,9,false,11/23/2021
68,iedlington1v,Inge,Edlington,iedlington1v@toplist.cz,869-901-1189,Poland,,Rzgów,95-030,39 Transport Junction,qT6~g/|2,What is your favorite movie?,ipsum ac tellus semper interdum mauris ullamcorper purus sit amet nulla quisque arcu libero rutrum ac lobortis vel dapibus,What is your favorite book?,habitasse platea dictumst maecenas ut massa quis augue luctus tincidunt nulla mollis molestie lorem,Tablet,HP,Galaxy S10,iOS,11/12/2021,5/1/2021,Inactive,false,234.225.85.35,3,true,10/12/2021
69,brenshaw1w,Bunnie,Renshaw,brenshaw1w@adobe.com,592-699-1049,Syria,,Aş Şūrah aş Şaghīrah,,3 Namekagon Park,pK0_S=~zVWh{ylb,What city were you born in?,augue vel accumsan tellus nisi eu orci mauris lacinia sapien quis libero,What is your favorite book?,tempus vivamus in felis eu sapien cursus vestibulum proin eu mi nulla,Laptop,HP,Galaxy S10,iOS,5/2/2021,5/31/2021,Suspended,false,123.52.180.216,8,true,6/9/2021
70,bargente1x,Blaire,Argente,bargente1x@amazon.de,108-731-1736,Cyprus,,Acherítou,,19601 Hayes Way,iE5?YfEl_dQNI.@Z,What city were you born in?,vitae consectetuer eget rutrum at lorem integer tincidunt ante vel ipsum praesent blandit lacinia erat,What is your dream vacation spot?,primis in faucibus orci luctus et ultrices posuere cubilia curae nulla dapibus dolor vel est,Laptop,Samsung,Spectre x360,Windows,11/14/2021,11/27/2020,Active,false,160.154.11.99,3,true,10/26/2020
71,glathbury1y,Ginnie,Lathbury,glathbury1y@com.com,401-348-7358,Greece,,Gargaliánoi,,49 5th Way,wR4?xe$\/,What city were you born in?,urna pretium nisl ut volutpat sapien arcu sed augue aliquam erat volutpat in congue etiam justo etiam,What is your favorite book?,in quis justo maecenas rhoncus aliquam lacus morbi quis tortor id nulla,Mobile,Samsung,iPhone X,Android,9/28/2021,6/10/2021,Inactive,false,62.14.235.225,9,true,5/26/2021
72,dcastanyer1z,Dal,Castanyer,dcastanyer1z@ibm.com,472-419-1633,Uruguay,,Quebracho,,917 Kings Park,aF2+t8TS$+c0!8V),What city were you born in?,eleifend quam a odio in hac habitasse platea dictumst maecenas ut massa quis augue,What is the name of your first pet?,pede justo eu massa donec dapibus duis at velit eu est congue elementum in hac habitasse platea dictumst morbi vestibulum,Mobile,Apple,iPhone X,Android,10/25/2021,12/1/2020,Inactive,false,76.189.107.0,2,false,4/16/2021
73,gbalshen20,Ginnifer,Balshen,gbalshen20@freewebs.com,745-131-1574,Iran,,Dogonbadan,,06 Green Ridge Hill,"aV2!8""(%YTjdzWL",What is your favorite movie?,nullam molestie nibh in lectus pellentesque at nulla suspendisse potenti cras in,What is your favorite book?,id mauris vulputate elementum nullam varius nulla facilisi cras non velit nec nisi vulputate,Laptop,Samsung,iPhone X,Android,3/5/2021,2/9/2021,Inactive,true,0.35.241.117,1,false,10/3/2020
74,bpyrah21,Bogey,Pyrah,bpyrah21@linkedin.com,452-813-3212,Brazil,,Euclides da Cunha,48500-000,0557 Cottonwood Drive,nG4{9A4tXhBJOT64,What is your mother's maiden name?,duis consequat dui nec nisi volutpat eleifend donec ut dolor morbi vel lectus in quam fringilla rhoncus,What is your dream vacation spot?,nulla pede ullamcorper augue a suscipit nulla elit ac nulla sed vel enim sit,Tablet,HP,Galaxy S10,Windows,12/10/2021,10/17/2020,Suspended,true,159.186.190.34,7,true,1/12/2021
75,bbretherton22,Brynn,Bretherton,bbretherton22@opensource.org,630-984-8890,Bosnia and Herzegovina,,Gornja Koprivna,,54 Dayton Road,"vJ6@Z""uI,",What city were you born in?,vestibulum ante ipsum primis in faucibus orci luctus et ultrices posuere cubilia curae,What is the name of your first pet?,vestibulum vestibulum ante ipsum primis in faucibus orci luctus et ultrices posuere cubilia curae nulla dapibus dolor vel,Tablet,Apple,Spectre x360,iOS,11/23/2021,10/21/2020,Active,true,200.92.170.22,6,false,5/17/2021
76,sbuddles23,Sondra,Buddles,sbuddles23@oaic.gov.au,721-807-5481,Panama,,Alcaldedíaz,,2 Moland Avenue,wM9_mLtPB?,What city were you born in?,sit amet nulla quisque arcu libero rutrum ac lobortis vel dapibus,What is your favorite book?,sit amet sapien dignissim vestibulum vestibulum ante ipsum primis in faucibus orci luctus et,Tablet,Samsung,Spectre x360,iOS,8/6/2021,5/8/2020,Suspended,true,1.145.93.163,7,false,8/12/2021
77,gtuhy24,Gian,Tuhy,gtuhy24@w3.org,749-510-0906,Portugal,46,São Mateus,9950-525,931 Continental Alley,vB2}~y!)@h,What is your favorite movie?,in lacus curabitur at ipsum ac tellus semper interdum mauris,What is the name of your first pet?,commodo placerat praesent blandit nam nulla integer pede justo lacinia eget tincidunt eget tempus,Mobile,Samsung,Galaxy S10,Android,5/29/2021,9/22/2020,Inactive,true,27.29.222.16,6,false,12/21/2021
78,rburkhill25,Reamonn,Burkhill,rburkhill25@ucsd.edu,776-976-1414,Philippines,,Balungao,2442,1 Bunting Pass,aM6%5qk_DK<,What is your mother's maiden name?,morbi sem mauris laoreet ut rhoncus aliquet pulvinar sed nisl nunc rhoncus dui vel sem sed sagittis nam congue risus,What is the name of your first pet?,ultrices libero non mattis pulvinar nulla pede ullamcorper augue a suscipit,Laptop,Apple,iPhone X,Windows,9/16/2021,4/8/2021,Active,false,156.26.113.105,5,true,3/14/2021
79,lmoiser26,Layney,Moiser,lmoiser26@mediafire.com,315-399-5750,Indonesia,,Puncakmanis,,40 Laurel Alley,"qJ5""d2jwy",What is your mother's maiden name?,nam nulla integer pede justo lacinia eget tincidunt eget tempus vel pede morbi porttitor lorem id ligula suspendisse ornare,What is your dream vacation spot?,ornare consequat lectus in est risus auctor sed tristique in tempus sit amet,Tablet,Apple,Spectre x360,iOS,4/27/2021,2/4/2021,Inactive,false,10.78.113.154,2,true,3/3/2021
80,cshire27,Claretta,Shire,cshire27@woothemes.com,656-181-3548,Philippines,,Binucayan,7017,386 Aberg Place,rA1?U2C(k<,What is your favorite movie?,in hac habitasse platea dictumst etiam faucibus cursus urna ut tellus nulla ut erat id mauris vulputate elementum nullam varius,What is your favorite book?,mi in porttitor pede justo eu massa donec dapibus duis at velit eu est congue elementum,Tablet,Samsung,Galaxy S10,iOS,7/15/2021,1/2/2020,Inactive,false,59.218.0.25,7,true,2/29/2020
81,tdoree28,Tommy,Doree,tdoree28@nps.gov,992-141-4214,Brazil,,Montenegro,95780-000,726 Shopko Park,pS7|iJj/|@?ahW'm,What city were you born in?,eros suspendisse accumsan tortor quis turpis sed ante vivamus tortor duis mattis egestas metus aenean fermentum donec ut,What is your favorite book?,morbi porttitor lorem id ligula suspendisse ornare consequat lectus in est risus auctor sed tristique in tempus sit amet,Tablet,Apple,Spectre x360,Android,7/11/2021,9/28/2020,Suspended,false,97.16.20.150,6,false,10/19/2020
82,dbiglin29,Dorothea,Biglin,dbiglin29@sfgate.com,629-576-8070,Portugal,03,Sande Vila Nova,4805-556,6 Hoffman Crossing,pP5<97%\58Z,What is your mother's maiden name?,phasellus id sapien in sapien iaculis congue vivamus metus arcu adipiscing molestie hendrerit at vulputate,What is your favorite book?,eget nunc donec quis orci eget orci vehicula condimentum curabitur in libero ut massa volutpat convallis morbi,Mobile,Apple,iPhone X,Windows,8/2/2021,9/16/2020,Active,true,25.160.214.81,10,false,5/20/2020
83,ahutchcraft2a,Abran,Hutchcraft,ahutchcraft2a@deviantart.com,948-784-8805,China,,Jiefangyan,,25756 Towne Crossing,bD4>_*Ho,What city were you born in?,non pretium quis lectus suspendisse potenti in eleifend quam a odio in hac,What is your favorite book?,id ornare imperdiet sapien urna pretium nisl ut volutpat sapien arcu sed augue aliquam,Tablet,Apple,Galaxy S10,iOS,5/29/2021,2/4/2021,Suspended,true,176.37.85.36,5,true,8/26/2020
84,adopson2b,Anabelle,Dopson,adopson2b@deviantart.com,705-513-7870,Ukraine,,Melioratyvne,,134 Colorado Terrace,vO6|N2sG3#+Rg,What is your favorite movie?,erat nulla tempus vivamus in felis eu sapien cursus vestibulum proin eu mi nulla ac enim in tempor turpis nec,What is your dream vacation spot?,lacus curabitur at ipsum ac tellus semper interdum mauris ullamcorper purus sit amet nulla quisque arcu libero rutrum ac,Mobile,Apple,Spectre x360,iOS,9/11/2021,7/2/2020,Suspended,true,119.2.189.13,7,true,9/21/2021
85,tbickell2c,Tailor,Bickell,tbickell2c@shareasale.com,569-387-3705,Czech Republic,,Žulová,790 65,75160 Scott Crossing,tC5+Lz$*@U+SSY/%,What is your mother's maiden name?,consequat dui nec nisi volutpat eleifend donec ut dolor morbi vel lectus in,What is your dream vacation spot?,nunc nisl duis bibendum felis sed interdum venenatis turpis enim blandit mi in porttitor pede justo eu,Mobile,HP,Galaxy S10,Android,7/8/2021,11/13/2020,Suspended,false,193.216.165.32,10,false,9/7/2020
86,bloyley2d,Berti,Loyley,bloyley2d@bloglovin.com,658-659-0681,Ghana,,Hohoe,,5257 Corry Court,"eM5%#Tw""xrn$*}",What is your favorite movie?,vestibulum eget vulputate ut ultrices vel augue vestibulum ante ipsum primis in,What is your favorite book?,sapien in sapien iaculis congue vivamus metus arcu adipiscing molestie,Tablet,HP,iPhone X,Windows,8/9/2021,8/16/2020,Active,false,52.92.34.205,7,true,9/12/2021
87,kyeudall2e,Kenyon,Yeudall,kyeudall2e@berkeley.edu,906-379-9044,Croatia,,Bilice,34310,53453 Sullivan Trail,wT7`9{Of,What is your favorite movie?,lacus morbi sem mauris laoreet ut rhoncus aliquet pulvinar sed nisl nunc rhoncus dui,What is your favorite book?,elementum ligula vehicula consequat morbi a ipsum integer a nibh,Laptop,Samsung,Spectre x360,Android,10/8/2021,5/25/2020,Suspended,true,18.68.86.193,0,true,5/5/2021
88,omulloch2f,Ogden,Mulloch,omulloch2f@stumbleupon.com,119-843-0262,Botswana,,Maun,,0974 Acker Drive,wL5{s4{5,What is your mother's maiden name?,ridiculus mus vivamus vestibulum sagittis sapien cum sociis natoque penatibus et magnis dis parturient montes nascetur ridiculus mus etiam,What is your favorite book?,phasellus sit amet erat nulla tempus vivamus in felis eu sapien cursus vestibulum,Laptop,Samsung,iPhone X,Android,1/29/2021,9/12/2020,Inactive,false,27.251.239.56,7,true,11/20/2020
89,cscuse2g,Car,Scuse,cscuse2g@icio.us,145-953-5703,China,,Baozi,,907 Magdeline Crossing,dH2/N6?',What is your favorite movie?,blandit ultrices enim lorem ipsum dolor sit amet consectetuer adipiscing elit proin interdum mauris non ligula pellentesque ultrices phasellus id,What is the name of your first pet?,sodales scelerisque mauris sit amet eros suspendisse accumsan tortor quis,Mobile,HP,Galaxy S10,Android,7/12/2021,2/21/2021,Active,true,60.175.159.172,2,false,4/29/2020
90,bhaggeth2h,Betta,Haggeth,bhaggeth2h@tuttocitta.it,724-149-8021,Portugal,13,Lameira,4610-572,5 Colorado Court,cK4=`_y#=}PpUb~#,What city were you born in?,mattis pulvinar nulla pede ullamcorper augue a suscipit nulla elit,What is your favorite book?,dis parturient montes nascetur ridiculus mus vivamus vestibulum sagittis sapien cum sociis natoque penatibus et magnis,Tablet,HP,iPhone X,iOS,8/30/2021,6/6/2020,Suspended,false,92.83.229.134,9,true,1/6/2021
91,bshimmans2i,Burlie,Shimmans,bshimmans2i@prlog.org,503-172-5994,Brazil,,São José de Mipibu,59162-000,51 Oriole Road,zG3!T0z158_/K,What city were you born in?,interdum in ante vestibulum ante ipsum primis in faucibus orci luctus,What is your dream vacation spot?,rhoncus aliquet pulvinar sed nisl nunc rhoncus dui vel sem sed sagittis nam,Tablet,HP,iPhone X,Android,1/27/2021,8/5/2021,Suspended,false,119.151.65.2,5,false,8/31/2020
92,sdeaconson2j,Shelby,Deaconson,sdeaconson2j@home.pl,915-360-5449,China,,Tingsiqiao,,2 Schlimgen Circle,wY7$Uo&.|9(e1~,What is your favorite movie?,quis orci eget orci vehicula condimentum curabitur in libero ut massa volutpat convallis morbi odio odio elementum eu,What is your dream vacation spot?,erat vestibulum sed magna at nunc commodo placerat praesent blandit nam nulla,Laptop,Apple,Galaxy S10,Windows,9/19/2021,1/23/2021,Suspended,false,203.175.237.179,4,false,1/2/2021
93,jscoterbosh2k,Joelynn,Scoterbosh,jscoterbosh2k@irs.gov,100-312-0443,Bolivia,,Yotala,,6353 Del Mar Crossing,iI4?qMQz/w_qTGB,What is your favorite movie?,ipsum dolor sit amet consectetuer adipiscing elit proin interdum mauris non ligula pellentesque ultrices phasellus id sapien in sapien iaculis,What is your dream vacation spot?,blandit non interdum in ante vestibulum ante ipsum primis in faucibus orci luctus et ultrices posuere,Tablet,Apple,iPhone X,Android,3/23/2021,11/24/2021,Suspended,true,146.58.38.247,6,false,9/8/2021
94,acotes2l,Auberta,Cotes,acotes2l@marriott.com,881-589-5757,Vietnam,,Thành phố Bạc Liêu,,113 Manitowish Junction,yH9_bP'|y!*p5SN,What is your favorite movie?,porta volutpat quam pede lobortis ligula sit amet eleifend pede libero quis,What is your favorite book?,phasellus id sapien in sapien iaculis congue vivamus metus arcu adipiscing molestie,Mobile,Samsung,Galaxy S10,Android,7/1/2021,8/4/2020,Suspended,false,49.134.30.65,10,false,4/8/2020
95,emullins2m,Esdras,Mullins,emullins2m@yahoo.com,909-514-3903,Malaysia,PHG,Kuantan,25532,7337 Gina Plaza,dI2'Oo8SX,What is your mother's maiden name?,augue vestibulum ante ipsum primis in faucibus orci luctus et ultrices posuere cubilia,What is your favorite book?,ultrices phasellus id sapien in sapien iaculis congue vivamus metus arcu adipiscing molestie hendrerit at vulputate,Laptop,Apple,Spectre x360,Windows,7/13/2021,12/3/2021,Suspended,true,66.236.157.234,1,true,2/12/2020
96,gokennavain2n,Gaile,O'Kennavain,gokennavain2n@hexun.com,228-265-0549,China,,Siyang,,9 Meadow Valley Circle,kM8=+X**}=(1`,What city were you born in?,ipsum dolor sit amet consectetuer adipiscing elit proin interdum mauris non ligula,What is your dream vacation spot?,nonummy integer non velit donec diam neque vestibulum eget vulputate ut ultrices vel augue vestibulum ante ipsum primis,Mobile,Samsung,Spectre x360,Windows,4/28/2021,3/19/2021,Active,true,127.9.243.165,7,false,5/23/2020
97,ajouaneton2o,Arline,Jouaneton,ajouaneton2o@omniture.com,803-803-4296,Spain,AN,Malaga,29015,426 Hoard Park,qB5$VG\O{'~G}%,What city were you born in?,a ipsum integer a nibh in quis justo maecenas rhoncus,What is your favorite book?,vulputate luctus cum sociis natoque penatibus et magnis dis parturient montes nascetur ridiculus mus vivamus vestibulum sagittis sapien cum sociis,Mobile,Samsung,Galaxy S10,iOS,12/30/2021,10/3/2020,Active,true,55.135.35.107,2,true,9/29/2021
98,rgrestie2p,Reinold,Grestie,rgrestie2p@ox.ac.uk,608-978-3700,Indonesia,,Nangabere,,9 Pennsylvania Terrace,mH5.5ST1Bc<|,What is your favorite movie?,velit donec diam neque vestibulum eget vulputate ut ultrices vel augue vestibulum ante ipsum primis in,What is your favorite book?,quisque arcu libero rutrum ac lobortis vel dapibus at diam nam,Tablet,Samsung,iPhone X,iOS,10/10/2021,7/12/2020,Inactive,false,25.207.190.86,5,true,2/1/2021
99,weggleson2q,Wynne,Eggleson,weggleson2q@gmpg.org,849-174-3489,Portugal,43,São Mateus,9700-555,8 Surrey Center,nB2/b?<86Da&Y,What city were you born in?,sed augue aliquam erat volutpat in congue etiam justo etiam pretium iaculis justo in hac habitasse platea dictumst etiam,What is your favorite book?,integer a nibh in quis justo maecenas rhoncus aliquam lacus morbi quis tortor id nulla ultrices,Mobile,Apple,Galaxy S10,Android,10/9/2021,2/1/2020,Inactive,false,219.40.236.214,9,true,1/3/2021
100,aoscallan2r,Anneliese,O' Scallan,aoscallan2r@aboutads.info,831-841-9436,China,,Zangbawa,,98 Harbort Avenue,hK9@s}%@*+s,What city were you born in?,adipiscing elit proin interdum mauris non ligula pellentesque ultrices phasellus id sapien in sapien iaculis congue,What is your favorite book?,vulputate justo in blandit ultrices enim lorem ipsum dolor sit amet consectetuer adipiscing elit proin interdum mauris,Laptop,Samsung,iPhone X,Windows,5/30/2021,4/17/2021,Active,false,125.228.133.249,4,false,9/10/2020
